determination,severity_level,templated_message,direct_cause,rare,fault-target,fault-specific,component,component-specific,phase,frequency_change,frequency,frequency_phase
Anomaly-FS,WARN,"   akka.remote.ReliableDeliverySupervisor                       [] - Association with remote system [akka.tcp::] has failed, address is now gated for [] ms. Reason: [Association failed with [akka.tcp::]] Caused by: [java.net.ConnectException: Connection refused: :]",True,True,flink-master,True,flink-master,True,recover,0.0,1,1
Anomaly-FS,WARN,   akka.remote.transport.netty.NettyTransport                   [] - Remote connection to [null] failed with java.net.ConnectException: Connection refused: :,True,True,flink-master,True,flink-master,True,recover,0.0,1,1
Anomaly-FS,ERROR,  org.apache.flink.runtime.taskexecutor.TaskExecutor           [] - Fatal error occurred in TaskExecutor akka.tcp::,False,False,flink-master,True,flink-worker,True,crash,1.0,4,4
Anomaly-FS,ERROR,  org.apache.flink.runtime.taskexecutor.TaskManagerRunner      [] - Fatal error occurred while executing the TaskManager. Shutting it down...,False,False,flink-master,True,flink-worker,True,crash,1.0,4,4
Normal-RC,INFO,   org.apache.flink.contrib.streaming.state.RocksDBKeyedStateBackend [] - Closed RocksDB State Backend. Cleaning up RocksDB working directory ,False,False,flink-master,False,flink-worker,True,crash,0.0,3,3
Normal-RC,INFO,   org.apache.flink.runtime.io.network.NettyShuffleEnvironment  [] - Shutting down the network environment and its components.,False,False,flink-master,True,flink-worker,True,crash,1.0,4,4
Normal-RC,INFO,   org.apache.flink.runtime.io.network.netty.NettyClient        [] - Successful shutdown (took  ms).,False,False,flink-master,True,flink-worker,True,crash,1.0,4,4
Normal-RC,INFO,   org.apache.flink.runtime.io.network.netty.NettyServer        [] - Successful shutdown (took  ms).,False,False,flink-master,True,flink-worker,True,crash,1.0,4,4
Normal-RC,INFO,   org.apache.flink.runtime.net.ConnectionUtils                 [] - Failed to connect to [master:] from local address [] with timeout [] due to: master,False,False,flink-master,True,flink-worker,True,crash,0.0,15,15
Anomaly-FC,INFO,   org.apache.flink.runtime.rpc.akka.AkkaRpcService             [] - Stopped Akka  service.,False,False,flink-master,True,flink-worker,True,crash,2.0,8,8
Anomaly-FC,INFO,   org.apache.flink.runtime.rpc.akka.AkkaRpcService             [] - Stopping Akka  service.,False,False,flink-master,True,flink-worker,True,crash,2.0,8,8
Anomaly-RC,INFO,"   org.apache.flink.runtime.taskexecutor.DefaultJobLeaderService [] - Could not resolve JobManager address akka.tcp::, retrying in  ms: Could not connect to rpc endpoint under address akka.tcp::",False,True,flink-master,True,flink-worker,True,crash,0.0,1,1
Anomaly-RC,INFO,   org.apache.flink.runtime.taskexecutor.DefaultJobLeaderService [] - Remove job  from job leader monitoring.,False,True,flink-master,True,flink-worker,True,crash,0.0,1,1
Anomaly-FC,INFO,   org.apache.flink.runtime.taskexecutor.DefaultJobLeaderService [] - Stop job leader service.,False,False,flink-master,True,flink-worker,True,crash,2.0,8,8
Normal-RC,INFO,   org.apache.flink.runtime.taskexecutor.KvStateService         [] - Shutting down the kvState service and its components.,False,False,flink-master,True,flink-worker,True,crash,1.0,4,4
Normal-RC,INFO,   org.apache.flink.runtime.taskexecutor.TaskExecutor           [] - Cannot find task to fail for execution  with exception:,False,False,flink-master,True,flink-worker,True,crash,0.0,3,3
Anomaly-RC,INFO,   org.apache.flink.runtime.taskexecutor.TaskExecutor           [] - Close JobManager connection for job .,False,True,flink-master,True,flink-worker,True,crash,0.0,1,1
Anomaly-RC,INFO,   org.apache.flink.runtime.taskexecutor.TaskExecutor           [] - Close ResourceManager connection .,False,True,flink-master,True,flink-worker,True,crash,0.0,1,1
Normal-RC,INFO,"   org.apache.flink.runtime.taskexecutor.TaskExecutor           [] - Could not resolve ResourceManager address akka.tcp::*, retrying in  ms: Could not connect to rpc endpoint under address akka.tcp::*.",False,False,flink-master,True,flink-worker,True,crash,-2.0,121,120
Normal-CP,INFO,"   org.apache.flink.runtime.taskexecutor.TaskExecutor           [] - Could not resolve ResourceManager address akka.tcp::*, retrying in  ms: Could not connect to rpc endpoint under address akka.tcp::*.",False,False,flink-master,True,flink-worker,True,recover,0.0,121,1
Normal-RC,INFO,   org.apache.flink.runtime.taskexecutor.TaskExecutor           [] - Stopped TaskExecutor akka.tcp::,False,False,flink-master,True,flink-worker,True,crash,1.0,4,4
Normal-RC,INFO,   org.apache.flink.runtime.taskexecutor.TaskExecutor           [] - Stopping TaskExecutor akka.tcp::,False,False,flink-master,True,flink-worker,True,crash,1.0,4,4
Normal-RC,INFO,   org.apache.flink.runtime.taskexecutor.TaskExecutor           [] - Terminating registration attempts towards ResourceManager akka.tcp::*.,False,False,flink-master,True,flink-worker,True,crash,1.0,4,4
Anomaly-RC,INFO,   org.apache.flink.runtime.taskexecutor.TaskExecutor           [] - The heartbeat of ResourceManager with id  timed out.,False,True,flink-master,True,flink-worker,True,crash,0.0,1,1
Normal-RC,INFO,   org.apache.flink.runtime.taskexecutor.TaskExecutor           [] - Unering task and sending final execution state  to JobManager for task Source: customertss -> router (requests) () .,False,False,flink-master,False,flink-worker,True,crash,0.0,1,1
Normal-RC,INFO,   org.apache.flink.runtime.taskexecutor.TaskExecutor           [] - Unering task and sending final execution state  to JobManager for task feedback () .,False,False,flink-master,False,flink-worker,True,crash,0.0,1,1
Normal-RC,INFO,   org.apache.flink.runtime.taskexecutor.TaskExecutor           [] - Unering task and sending final execution state  to JobManager for task feedback-union -> functions -> Sink: customerses () .,False,False,flink-master,False,flink-worker,True,crash,0.0,1,1
Normal-RC,INFO,   org.apache.flink.runtime.taskexecutor.TaskManagerRunner      [] - Terminating TaskManagerRunner with exit code .,False,False,flink-master,True,flink-worker,True,crash,1.0,4,4
Normal-RC,INFO,"   org.apache.flink.runtime.taskexecutor.slot.TaskSlotTableImpl [] - Free slot TaskSlot(index:, state:, resource profile: ResourceProfile{cpuCores=, taskHeapMemory=. ( bytes), taskOffHeapMemory= bytes, managedMemory=. ( bytes), networkMemory=. ( bytes)}, allocationId: , jobId: ).",False,False,flink-master,True,flink-worker,True,crash,0.0,2,2
Normal-RC,INFO,   org.apache.flink.runtime.taskmanager.Task                    [] - Attempting to cancel task Source: customertss -> router (requests) () ().,False,False,flink-master,False,flink-worker,True,crash,0.0,1,1
Normal-RC,INFO,   org.apache.flink.runtime.taskmanager.Task                    [] - Attempting to cancel task feedback () ().,False,False,flink-master,False,flink-worker,True,crash,0.0,1,1
Anomaly-RC,INFO,   org.apache.flink.runtime.taskmanager.Task                    [] - Attempting to cancel task feedback-union -> functions -> Sink: customerses () ().,False,True,flink-master,True,flink-worker,True,crash,0.0,1,1
Anomaly-RC,INFO,   org.apache.flink.runtime.taskmanager.Task                    [] - Attempting to fail task externally feedback () ().,False,True,flink-master,True,flink-worker,True,crash,0.0,1,1
Anomaly-RC,INFO,   org.apache.flink.runtime.taskmanager.Task                    [] - Attempting to fail task externally feedback-union -> functions -> Sink: customerses () ().,False,True,flink-master,True,flink-worker,True,crash,0.0,1,1
Normal-RC,INFO,   org.apache.flink.runtime.taskmanager.Task                    [] - Freeing task resources for Source: customertss -> router (requests) () ().,False,False,flink-master,False,flink-worker,True,crash,0.0,1,1
Normal-RC,INFO,   org.apache.flink.runtime.taskmanager.Task                    [] - Freeing task resources for feedback () ().,False,False,flink-master,False,flink-worker,True,crash,0.0,1,1
Normal-RC,INFO,   org.apache.flink.runtime.taskmanager.Task                    [] - Freeing task resources for feedback-union -> functions -> Sink: customerses () ().,False,False,flink-master,False,flink-worker,True,crash,0.0,1,1
Anomaly-RC,INFO,   org.apache.flink.runtime.taskmanager.Task                    [] - Task feedback () is already in state ,False,True,flink-master,True,flink-worker,True,crash,0.0,1,1
Anomaly-RC,INFO,   org.apache.flink.runtime.taskmanager.Task                    [] - Task feedback-union -> functions -> Sink: customerses () is already in state ,False,True,flink-master,True,flink-worker,True,crash,0.0,1,1
Normal-RC,INFO,   org.apache.flink.runtime.taskmanager.Task                    [] - Triggering cancellation of task code Source: customertss -> router (requests) () ().,False,False,flink-master,False,flink-worker,True,crash,0.0,1,1
Normal-RC,INFO,   org.apache.flink.runtime.taskmanager.Task                    [] - Triggering cancellation of task code feedback () ().,False,False,flink-master,False,flink-worker,True,crash,0.0,1,1
Anomaly-RC,INFO,   org.apache.flink.runtime.taskmanager.Task                    [] - Triggering cancellation of task code feedback-union -> functions -> Sink: customerses () ().,False,True,flink-master,True,flink-worker,True,crash,0.0,1,1
Normal-RC,INFO,   org.apache.kafka.clients.producer.KafkaProducer              [] - [Producer clientId=producer-] Closing the Kafka producer with timeoutMillis =  ms.,False,False,flink-master,False,flink-worker,True,crash,0.0,1,1
Normal-RC,INFO,   org.apache.kafka.clients.producer.KafkaProducer              [] - [Producer clientId=producer-] Proceeding to force close the producer since pending requests could not be completed within timeout  ms.,False,False,flink-master,False,flink-worker,True,crash,0.0,1,1
Anomaly-FS,WARN,"   akka.remote.ReliableDeliverySupervisor                       [] - Association with remote system [akka.tcp::] has failed, address is now gated for [] ms. Reason: [Association failed with [akka.tcp::]] Caused by: [java.net.UnknownHostException: master: Temporary failure in name resolution]",False,False,flink-master,True,flink-worker,True,crash,-2.0,120,120
Anomaly-FS,WARN,   org.apache.flink.runtime.net.ConnectionUtils                 [] - Could not connect to master:. Selecting a local address using heuristics.,False,False,flink-master,True,flink-worker,True,crash,0.0,3,3
Anomaly-FS,WARN,   org.apache.flink.runtime.net.ConnectionUtils                 [] - Could not find any  address that is not loopback or link-local. Using localhost address.,False,False,flink-master,True,flink-worker,True,crash,0.0,3,3
Normal-RC,INFO,   akka.remote.transport.ProtocolStateActor                     [] - No response from remote for outbound association. Associate timed out after [ ms].,False,False,flink-worker,True,flink-master,True,crash,0.0,6,6
Normal-RC,INFO,   org.apache.flink.runtime.executiongraph.ExecutionGraph       [] - Discarding the results produced by task execution .,False,False,flink-worker,True,flink-master,True,crash,0.0,2214,2097
Normal-CP,INFO,   org.apache.flink.runtime.executiongraph.ExecutionGraph       [] - Discarding the results produced by task execution .,False,False,flink-worker,True,flink-master,True,recover,0.0,2214,117
Normal-RC,INFO,   org.apache.flink.runtime.executiongraph.ExecutionGraph       [] - Source: customertss -> router (requests) () () switched from  to  on [unassigned resource].,False,False,flink-worker,True,flink-master,True,crash,0.0,728,689
Normal-CP,INFO,   org.apache.flink.runtime.executiongraph.ExecutionGraph       [] - Source: customertss -> router (requests) () () switched from  to  on [unassigned resource].,False,False,flink-worker,True,flink-master,True,recover,0.0,728,39
Normal-RC,INFO,   org.apache.flink.runtime.executiongraph.ExecutionGraph       [] - feedback () () switched from  to  on :  components-.components_flinkk (dataPort=).,False,False,flink-worker,True,flink-master,True,crash,0.0,6,6
Normal-RC,INFO,   org.apache.flink.runtime.executiongraph.failover..RestartPipelinedRegionFailoverStrategy [] -  tasks should be restarted to recover the failed task . ,False,False,flink-worker,False,flink-master,True,crash,0.0,734,695
Normal-CP,INFO,   org.apache.flink.runtime.executiongraph.failover..RestartPipelinedRegionFailoverStrategy [] -  tasks should be restarted to recover the failed task . ,False,False,flink-worker,False,flink-master,True,recover,0.0,734,39
Normal-RC,INFO,   org.apache.flink.runtime.executiongraph.failover..RestartPipelinedRegionFailoverStrategy [] - Calculating tasks to restart to recover the failed task .,False,False,flink-worker,False,flink-master,True,crash,0.0,734,695
Normal-CP,INFO,   org.apache.flink.runtime.executiongraph.failover..RestartPipelinedRegionFailoverStrategy [] - Calculating tasks to restart to recover the failed task .,False,False,flink-worker,False,flink-master,True,recover,0.0,734,39
Normal-RC,INFO,   org.apache.flink.runtime.jobmaster.JobMaster                 [] - Heartbeat of TaskManager with id : timed out.,False,False,flink-worker,True,flink-master,True,crash,0.0,6,6
Normal-RC,INFO,   org.apache.flink.runtime.jobmaster.slotpool.DefaultDeclarativeSlotPool [] - Releasing slot [].,False,False,flink-worker,True,flink-master,True,crash,0.0,6,6
Normal-RC,INFO,   org.apache.flink.runtime.resourcemanager.StandaloneResourceManager [] - Closing TaskExecutor connection : because: The heartbeat of TaskManager with id : timed out.,False,False,flink-worker,True,flink-master,True,crash,0.0,6,6
Normal-RC,INFO,   org.apache.flink.runtime.resourcemanager.StandaloneResourceManager [] - The heartbeat of TaskManager with id : timed out.,False,False,flink-worker,True,flink-master,True,crash,0.0,6,6
Normal-RC,INFO,   org.apache.flink.runtime.resourcemanager.slotmanager.DeclarativeSlotManager [] - Clearing resource requirements of job ,False,False,flink-worker,False,flink-master,True,crash,0.0,734,695
Normal-CP,INFO,   org.apache.flink.runtime.resourcemanager.slotmanager.DeclarativeSlotManager [] - Clearing resource requirements of job ,False,False,flink-worker,False,flink-master,True,recover,0.0,734,39
Anomaly-FS,WARN,"   akka.remote.ReliableDeliverySupervisor                       [] - Association with remote system [akka.tcp::] has failed, address is now gated for [] ms. Reason: [Association failed with [akka.tcp::]] Caused by: [No response from remote for outbound association. Associate timed out after [ ms].]",False,False,flink-worker,True,flink-master,True,crash,0.0,6,6
Anomaly-FS,WARN,   akka.remote.transport.netty.NettyTransport                   [] - Remote connection to [null] failed with org.jboss.netty.channel.ConnectTimeoutException: connection timed out: :,False,False,flink-worker,True,flink-master,True,crash,0.0,6,6
Anomaly-FS,WARN,"   org.apache.flink.runtime.jobmaster.slotpool.DeclarativeSlotPoolBridge [] - Could not acquire the minimum required resources, failing slot requests. Acquired: []. Current slot pool status: Registered TMs: , registered slots:  free slots: ",False,False,flink-worker,True,flink-master,True,crash,0.0,728,689
Anomaly-FS,WARN,"   org.apache.flink.runtime.jobmaster.slotpool.DeclarativeSlotPoolBridge [] - Could not acquire the minimum required resources, failing slot requests. Acquired: []. Current slot pool status: Registered TMs: , registered slots:  free slots: ",False,False,flink-worker,True,flink-master,True,recover,0.0,728,39
Anomaly-FS,WARN,   org.apache.flink.runtime.resourcemanager.slotmanager.DeclarativeSlotManager [] - Could not fulfill resource requirements of job . Free slots: ,False,False,flink-worker,True,flink-master,True,crash,1.0,729,690
Anomaly-FS,WARN,   org.apache.flink.runtime.resourcemanager.slotmanager.DeclarativeSlotManager [] - Could not fulfill resource requirements of job . Free slots: ,False,False,flink-worker,True,flink-master,True,recover,0.0,729,39
Anomaly-FS,ERROR,"org.apache.flink.statefun.flink.core.functions.StatefulFunctionInvocationException: An error occurred when attempting to invoke function FunctionType(registry, proxy).",False,False,functions,True,flink-master,True,recover,0.0,6,6
Normal-CP,INFO,   org.apache.flink.runtime.executiongraph.ExecutionGraph       [] - feedback-union -> functions -> Sink: customerses () () switched from  to  on :  components-.components_flinkk (dataPort=).,False,False,functions,True,flink-master,True,recover,0.0,6,6
Normal-CP,INFO,   org.apache.flink.runtime.executiongraph.failover..RestartPipelinedRegionFailoverStrategy [] -  tasks should be restarted to recover the failed task . ,False,False,functions,False,flink-master,True,recover,0.0,6,6
Normal-CP,INFO,   org.apache.flink.runtime.executiongraph.failover..RestartPipelinedRegionFailoverStrategy [] - Calculating tasks to restart to recover the failed task .,False,False,functions,False,flink-master,True,recover,0.0,6,6
Normal-CP,INFO,   org.apache.flink.runtime.resourcemanager.slotmanager.DeclarativeSlotManager [] - Clearing resource requirements of job ,False,False,functions,False,flink-master,True,recover,0.0,6,6
Normal-CP,INFO,   org.apache.flink.contrib.streaming.state.RocksDBKeyedStateBackend [] - Closed RocksDB State Backend. Cleaning up RocksDB working directory ,False,False,functions,False,flink-worker,True,recover,0.0,18,18
Normal-CP,INFO,   org.apache.flink.runtime.taskexecutor.TaskExecutor           [] - Unering task and sending final execution state  to JobManager for task Source: customertss -> router (requests) () .,False,False,functions,False,flink-worker,True,recover,0.0,6,6
Normal-CP,INFO,   org.apache.flink.runtime.taskexecutor.TaskExecutor           [] - Unering task and sending final execution state  to JobManager for task feedback () .,False,False,functions,False,flink-worker,True,recover,0.0,6,6
Normal-CP,INFO,   org.apache.flink.runtime.taskexecutor.TaskExecutor           [] - Unering task and sending final execution state  to JobManager for task feedback-union -> functions -> Sink: customerses () .,False,False,functions,False,flink-worker,True,recover,0.0,6,6
Normal-CP,INFO,   org.apache.flink.runtime.taskmanager.Task                    [] - Attempting to cancel task Source: customertss -> router (requests) () ().,False,False,functions,False,flink-worker,True,recover,0.0,6,6
Normal-CP,INFO,   org.apache.flink.runtime.taskmanager.Task                    [] - Attempting to cancel task feedback () ().,False,False,functions,False,flink-worker,True,recover,0.0,6,6
Normal-CP,INFO,   org.apache.flink.runtime.taskmanager.Task                    [] - Freeing task resources for Source: customertss -> router (requests) () ().,False,False,functions,False,flink-worker,True,recover,0.0,6,6
Normal-CP,INFO,   org.apache.flink.runtime.taskmanager.Task                    [] - Freeing task resources for feedback () ().,False,False,functions,False,flink-worker,True,recover,0.0,6,6
Normal-CP,INFO,   org.apache.flink.runtime.taskmanager.Task                    [] - Freeing task resources for feedback-union -> functions -> Sink: customerses () ().,False,False,functions,False,flink-worker,True,recover,0.0,6,6
Normal-CP,INFO,   org.apache.flink.runtime.taskmanager.Task                    [] - Triggering cancellation of task code Source: customertss -> router (requests) () ().,False,False,functions,False,flink-worker,True,recover,0.0,6,6
Normal-CP,INFO,   org.apache.flink.runtime.taskmanager.Task                    [] - Triggering cancellation of task code feedback () ().,False,False,functions,False,flink-worker,True,recover,0.0,6,6
Normal-RC,INFO,"   org.apache.flink.statefun.flink.core.nettyclient.NettyRequest [] - Retry  ToFunctionRequestSummary(address=Address, batchSize=, totalSizeInBytes=, numberOfStates=) ,About to sleep for ",False,False,functions,True,flink-worker,True,crash,0.0,90,90
Normal-CP,INFO,   org.apache.kafka.clients.producer.KafkaProducer              [] - [Producer clientId=producer-] Closing the Kafka producer with timeoutMillis =  ms.,False,False,functions,False,flink-worker,True,recover,0.0,6,6
Normal-CP,INFO,   org.apache.kafka.clients.producer.KafkaProducer              [] - [Producer clientId=producer-] Proceeding to force close the producer since pending requests could not be completed within timeout  ms.,False,False,functions,False,flink-worker,True,recover,0.0,6,6
Anomaly-FS,WARN,"   org.apache.flink.runtime.taskmanager.Task                    [] - feedback-union -> functions -> Sink: customerses () () switched from  to  with failure cause: org.apache.flink.statefun.flink.core.functions.StatefulFunctionInvocationException: An error occurred when attempting to invoke function FunctionType(registry, proxy).",False,False,functions,True,flink-worker,True,recover,0.0,6,6
Anomaly-FS,WARN,"   org.apache.flink.statefun.flink.core.nettyclient.NettyRequest [] - Exception caught while trying to deliver a message: (attempt )ToFunctionRequestSummary(address=Address, batchSize=, totalSizeInBytes=, numberOfStates=)",False,False,functions,True,flink-worker,True,crash,0.0,96,90
Anomaly-FS,WARN,"   org.apache.flink.statefun.flink.core.nettyclient.NettyRequest [] - Exception caught while trying to deliver a message: (attempt )ToFunctionRequestSummary(address=Address, batchSize=, totalSizeInBytes=, numberOfStates=)",False,False,functions,True,flink-worker,True,recover,0.0,96,6
Anomaly-FS,ERROR, flink-akka.remote.defaultcher-  Could not register mbeans javax.management.InstanceAlreadyExistsException: org.apache.logging.:type=,False,True,kafka-broker,True,flink-master,True,recover,0.0,1,1
Normal-RC,INFO,"   org.apache.kafka.clients.FetchSessionHandler                 [] - [Consumer clientId=consumer-flinker-group-, groupId=flinker-group] Error sending fetch request (sessionId=, epoch=) to node : {}.",False,False,kafka-broker,True,flink-worker,True,crash,-1.0,6,5
Normal-CP,INFO,"   org.apache.kafka.clients.FetchSessionHandler                 [] - [Consumer clientId=consumer-flinker-group-, groupId=flinker-group] Error sending fetch request (sessionId=, epoch=) to node : {}.",False,False,kafka-broker,True,flink-worker,True,recover,0.0,6,1
Anomaly-FS,WARN,"   org.apache.kafka.clients.NetworkClient                       [] - [Consumer clientId=consumer-flinker-group-, groupId=flinker-group] Connection to node  (kafka:) could not be established. Broker may not be available.",False,False,kafka-broker,True,flink-worker,True,crash,-1.0,18,14
Anomaly-FS,WARN,"   org.apache.kafka.clients.NetworkClient                       [] - [Consumer clientId=consumer-flinker-group-, groupId=flinker-group] Connection to node  (kafka:) could not be established. Broker may not be available.",False,False,kafka-broker,True,flink-worker,True,recover,1.0,18,4
Anomaly-FS,WARN,"   org.apache.kafka.clients.NetworkClient                       [] - [Consumer clientId=consumer-flinker-group-, groupId=flinker-group] Error connecting to node kafka: (id:  rack: null)",False,False,kafka-broker,True,flink-worker,True,crash,47.0,199,190
Anomaly-FS,WARN,"   org.apache.kafka.clients.NetworkClient                       [] - [Consumer clientId=consumer-flinker-group-, groupId=flinker-group] Error connecting to node kafka: (id:  rack: null)",False,False,kafka-broker,True,flink-worker,True,recover,1.0,199,9
Anomaly-FS,WARN,   org.apache.kafka.clients.NetworkClient                       [] - [Producer clientId=producer-] Connection to node  (kafka:) could not be established. Broker may not be available.,False,False,kafka-broker,True,flink-worker,True,crash,-1.0,18,14
Anomaly-FS,WARN,   org.apache.kafka.clients.NetworkClient                       [] - [Producer clientId=producer-] Connection to node  (kafka:) could not be established. Broker may not be available.,False,False,kafka-broker,True,flink-worker,True,recover,1.0,18,4
Anomaly-FS,WARN,   org.apache.kafka.clients.NetworkClient                       [] - [Producer clientId=producer-] Error connecting to node kafka: (id:  rack: null),False,False,kafka-broker,True,flink-worker,True,crash,48.0,199,189
Anomaly-FS,WARN,   org.apache.kafka.clients.NetworkClient                       [] - [Producer clientId=producer-] Error connecting to node kafka: (id:  rack: null),False,False,kafka-broker,True,flink-worker,True,recover,1.0,199,10
Normal-CP,INFO,   [shard :main] cluster - [{kafka} (log_eviction.snapshot)] - log_eviction.cc: - Applying snapshot { effective_start_offset:  } at offset: ,True,False,kafka-broker,True,kafka-broker,True,recover,0.0,24,24
Normal-CP,INFO,   [shard :main] cluster - cluster.cc: - Controller directory  not empty; assuming existing cluster exists,True,False,kafka-broker,True,kafka-broker,True,recover,0.0,6,6
Normal-CP,INFO,   [shard :main] cluster - config.cc: - Ignoring value for 'auto_create_topics_enabled' in redpanda.yaml: use `rpk cluster config edit` to edit cluster configuration properties.,True,False,kafka-broker,True,kafka-broker,True,recover,0.0,6,6
Normal-CP,INFO,   [shard :main] cluster - config.cc: - Ignoring value for 'default_topic_replications' in redpanda.yaml: use `rpk cluster config edit` to edit cluster configuration properties.,True,False,kafka-broker,True,kafka-broker,True,recover,0.0,6,6
Normal-CP,INFO,   [shard :main] cluster - config.cc: - Ignoring value for 'fetch_reads_debounce_timeout' in redpanda.yaml: use `rpk cluster config edit` to edit cluster configuration properties.,True,False,kafka-broker,True,kafka-broker,True,recover,0.0,6,6
Normal-CP,INFO,   [shard :main] cluster - config.cc: - Ignoring value for 'group_initial_rebalance_delay' in redpanda.yaml: use `rpk cluster config edit` to edit cluster configuration properties.,True,False,kafka-broker,True,kafka-broker,True,recover,0.0,6,6
Normal-CP,INFO,   [shard :main] cluster - config.cc: - Ignoring value for 'group_topic_partitions' in redpanda.yaml: use `rpk cluster config edit` to edit cluster configuration properties.,True,False,kafka-broker,True,kafka-broker,True,recover,0.0,6,6
Normal-CP,INFO,   [shard :main] cluster - config.cc: - Ignoring value for 'log_segment_size_min' in redpanda.yaml: use `rpk cluster config edit` to edit cluster configuration properties.,True,False,kafka-broker,True,kafka-broker,True,recover,0.0,6,6
Normal-CP,INFO,   [shard :main] cluster - config.cc: - Ignoring value for 'storage_min_free_bytes' in redpanda.yaml: use `rpk cluster config edit` to edit cluster configuration properties.,True,False,kafka-broker,True,kafka-broker,True,recover,0.0,6,6
Normal-CP,INFO,   [shard :main] cluster - config.cc: - Ignoring value for 'topic_partitions_per_shard' in redpanda.yaml: use `rpk cluster config edit` to edit cluster configuration properties.,True,False,kafka-broker,True,kafka-broker,True,recover,0.0,6,6
Normal-CP,INFO,   [shard :main] cluster - config.cc: - Ignoring value for 'write_caching_default' in redpanda.yaml: use `rpk cluster config edit` to edit cluster configuration properties.,True,False,kafka-broker,True,kafka-broker,True,recover,0.0,6,6
Normal-CP,INFO,   [shard :main] cluster - controller.cc: - Member of cluster  ,True,False,kafka-broker,True,kafka-broker,True,recover,0.0,6,6
Normal-CP,INFO,"   [shard :main] cluster - controller.cc: - loading snapshot at offset: , size: , previous last_applied: ",True,False,kafka-broker,True,kafka-broker,True,recover,0.0,6,6
Normal-CP,INFO,   [shard :main] cluster - members.cc: - starting  members manager with founding brokers: {},True,False,kafka-broker,True,kafka-broker,True,recover,0.0,6,6
Normal-CP,INFO,   [shard :main] cluster - shard_placement.cc: - expecting partition {kafka} with log revision  on this shard (original shard {}),True,False,kafka-broker,True,kafka-broker,True,recover,0.0,42,42
Normal-CP,INFO,"   [shard :main] kafka - group.cc: - Recovering flinker-group - {protocol_type: , generation: , protocol: {nullopt}, leader: {nullopt}, state_timestamp: {timestamp: missing}, member count: }",True,False,kafka-broker,True,kafka-broker,True,recover,0.0,6,6
Normal-CP,INFO,   [shard :main] kvstore - kvstore.cc: - Replaying segment with base offset ,True,False,kafka-broker,True,kafka-broker,True,recover,0.0,6,6
Normal-CP,INFO,   [shard :main] main - application.cc: - Loaded existing  for node: ,True,False,kafka-broker,True,kafka-broker,True,recover,0.0,6,6
Normal-CP,INFO,   [shard :main] main - application.cc: - Loaded stored node  for node: ,True,False,kafka-broker,True,kafka-broker,True,recover,0.0,6,6
Normal-CP,INFO,   [shard :main] main - application.cc: - Running with alreadyished node  {},True,False,kafka-broker,True,kafka-broker,True,recover,0.0,6,6
Normal-CP,INFO,"   [shard :main] main - application.cc: - Starting Redpanda with node_id , cluster  {}",True,False,kafka-broker,True,kafka-broker,True,recover,0.0,6,6
Normal-CP,INFO,   [shard :main] main - application.cc: - redpanda.cluster_id:{}	- Cluster identifier,True,False,kafka-broker,True,kafka-broker,True,recover,0.0,6,6
Normal-CP,INFO,"   [shard :main] offset_translator - ntp: {kafka} - offset.cc: - synced with log, state: {base offset: , map size: , last delta: }, highest_known_offset: ",True,False,kafka-broker,True,kafka-broker,True,recover,0.0,42,42
Normal-CP,INFO,"   [shard :main] raft - [group_id:, {kafka}] consensus.cc: - Recovered persistent state from kvstore: voted for: {id: , revision: }, term: ",True,False,kafka-broker,True,kafka-broker,True,recover,0.0,42,42
Normal-CP,INFO,"   [shard :main] raft - [group_id:, {kafka}] consensus.cc: - Starting with voted_for {id: , revision: } term  initial_state false",True,False,kafka-broker,True,kafka-broker,True,recover,0.0,42,42
Normal-CP,INFO,"   [shard :main] raft - [group_id:, {redpanda}] consensus.cc: - Recovered persistent state from kvstore: voted for: {id: , revision: }, term: ",True,False,kafka-broker,True,kafka-broker,True,recover,0.0,6,6
Normal-CP,INFO,"   [shard :main] raft - [group_id:, {redpanda}] consensus.cc: - Starting with voted_for {id: , revision: } term  initial_state false",True,False,kafka-broker,True,kafka-broker,True,recover,0.0,6,6
Normal-CP,INFO,"   [shard :main] raft - [group_id:, {redpanda}] consensus.cc: - adjusting configuration index, current start offset: , delta: , new initial index: ",True,False,kafka-broker,True,kafka-broker,True,recover,0.0,6,6
Normal-CP,INFO,"   [shard :main] raft - [group_id:, {redpanda}] consensus.cc: - current node priority  is lower than target , however the node is the only voter, continue with dispatching vote",True,False,kafka-broker,True,kafka-broker,True,recover,0.0,6,6
Normal-CP,INFO,"   [shard :main] raft - [group_id:, {redpanda}] consensus.cc: - hydrating snapshot with last included index: ",True,False,kafka-broker,True,kafka-broker,True,recover,0.0,6,6
Normal-CP,INFO,"   [shard :main] storage - log.cc: - Trying to clean up topic directory """" ",True,False,kafka-broker,True,kafka-broker,True,recover,0.0,30,30
Normal-CP,INFO,"   [shard :main] storage - segment.cc: - Recovered: {offset_tracker:{term:, base_offset:, committed_offset:, dirty_offset:}, compacted_segment=, finished_self_compaction=, finished_windowed_compaction=, generation=, reader={, ( bytes)}, writer=nullptr, cache=nullptr, compaction_index:nullopt, closed=, tombstone=, index={file:, offsets:, index:{header_bitflags:, base_offset:, max_offset:, base_timestamp:{timestamp: }, max_timestamp:{timestamp: }, batch_timestamps_are_monotonic:, with_offset:false, non_data_timestamps:, broker_timestamp:{nullopt}, num_compactible_records_appended:{}, index(,,)}, step:, needs_persistence:}}",True,False,kafka-broker,True,kafka-broker,True,recover,0.0,6,6
